Country Name,Country Code,Year,Maternal Mortality Ratio
Afghanistan,AFG,2016,750
Albania,ALB,2016,7
Algeria,DZA,2016,89
American Samoa,ASM,2016,
Andorra,AND,2016,
Angola,AGO,2016,270
Antigua and Barbuda,ATG,2016,21
Argentina,ARG,2016,40
Armenia,ARM,2016,24
Aruba,ABW,2016,
Australia,AUS,2016,5
Austria,AUT,2016,5
Azerbaijan,AZE,2016,26
"Bahamas, The",BHS,2016,79
Bahrain,BHR,2016,15
Bangladesh,BGD,2016,196
Barbados,BRB,2016,48
Belarus,BLR,2016,1
Belgium,BEL,2016,5
Belize,BLZ,2016,59
Benin,BEN,2016,590
Bermuda,BMU,2016,
Bhutan,BTN,2016,66
Bolivia,BOL,2016,161
Bosnia and Herzegovina,BIH,2016,6
Botswana,BWA,2016,134
Brazil,BRA,2016,63
British Virgin Islands,VGB,2016,
Brunei Darussalam,BRN,2016,45
Bulgaria,BGR,2016,7
Burkina Faso,BFA,2016,293
Burundi,BDI,2016,508
Cabo Verde,CPV,2016,42
Cambodia,KHM,2016,197
Cameroon,CMR,2016,437
Canada,CAN,2016,13
Cayman Islands,CYM,2016,
Central African Republic,CAF,2016,877
Chad,TCD,2016,1145
Channel Islands,CHI,2016,
Chile,CHL,2016,15
China,CHN,2016,23
Colombia,COL,2016,70
Comoros,COM,2016,255
"Congo, Dem. Rep.",COD,2016,562
"Congo, Rep.",COG,2016,353
Costa Rica,CRI,2016,19
Cote d'Ivoire,CIV,2016,537
Croatia,HRV,2016,5
Cuba,CUB,2016,41
Curacao,CUW,2016,
Cyprus,CYP,2016,42
Czechia,CZE,2016,3
Denmark,DNK,2016,5
Djibouti,DJI,2016,251
Dominica,DMA,2016,
Dominican Republic,DOM,2016,102
Ecuador,ECU,2016,70
"Egypt, Arab Rep.",EGY,2016,21
El Salvador,SLV,2016,42
Equatorial Guinea,GNQ,2016,182
Eritrea,ERI,2016,389
Estonia,EST,2016,6
Eswatini,SWZ,2016,275
Ethiopia,ETH,2016,356
Faroe Islands,FRO,2016,
Fiji,FJI,2016,40
Finland,FIN,2016,8
France,FRA,2016,8
French Polynesia,PYF,2016,
Gabon,GAB,2016,216
"Gambia, The",GMB,2016,505
Georgia,GEO,2016,25
Germany,DEU,2016,5
Ghana,GHA,2016,258
Gibraltar,GIB,2016,
Greece,GRC,2016,5
Greenland,GRL,2016,
Grenada,GRD,2016,23
Guam,GUM,2016,
Guatemala,GTM,2016,103
Guinea,GIN,2016,626
Guinea-Bissau,GNB,2016,673
Guyana,GUY,2016,127
Haiti,HTI,2016,388
Honduras,HND,2016,62
"Hong Kong SAR, China",HKG,2016,
Hungary,HUN,2016,14
Iceland,ISL,2016,3
India,IND,2016,121
Indonesia,IDN,2016,194
"Iran, Islamic Rep.",IRN,2016,20
Iraq,IRQ,2016,85
Ireland,IRL,2016,5
Isle of Man,IMN,2016,
Israel,ISR,2016,3
Italy,ITA,2016,6
Jamaica,JAM,2016,98
Japan,JPN,2016,5
Jordan,JOR,2016,43
Kazakhstan,KAZ,2016,13
Kenya,KEN,2016,505
Kiribati,KIR,2016,117
"Korea, Dem. People's Rep.",PRK,2016,109
"Korea, Rep.",KOR,2016,6
Kosovo,XKX,2016,
Kuwait,KWT,2016,6
Kyrgyz Republic,KGZ,2016,53
Lao PDR,LAO,2016,167
Latvia,LVA,2016,21
Lebanon,LBN,2016,19
Lesotho,LSO,2016,668
Liberia,LBR,2016,628
Libya,LBY,2016,74
Liechtenstein,LIE,2016,
Lithuania,LTU,2016,8
Luxembourg,LUX,2016,6
"Macao SAR, China",MAC,2016,
Madagascar,MDG,2016,447
Malawi,MWI,2016,430
Malaysia,MYS,2016,22
Maldives,MDV,2016,51
Mali,MLI,2016,470
Malta,MLT,2016,3
Marshall Islands,MHL,2016,
Mauritania,MRT,2016,480
Mauritius,MUS,2016,52
Mexico,MEX,2016,49
"Micronesia, Fed. Sts.",FSM,2016,64
Moldova,MDA,2016,15
Monaco,MCO,2016,
Mongolia,MNG,2016,47
Montenegro,MNE,2016,6
Morocco,MAR,2016,85
Mozambique,MOZ,2016,194
Myanmar,MMR,2016,242
Namibia,NAM,2016,246
Nauru,NRU,2016,
Nepal,NPL,2016,224
Netherlands,NLD,2016,5
New Caledonia,NCL,2016,
New Zealand,NZL,2016,8
Nicaragua,NIC,2016,77
Niger,NER,2016,468
Nigeria,NGA,2016,1129
North Macedonia,MKD,2016,3
Northern Mariana Islands,MNP,2016,
Norway,NOR,2016,2
Oman,OMN,2016,15
Pakistan,PAK,2016,188
Palau,PLW,2016,
Panama,PAN,2016,49
Papua New Guinea,PNG,2016,209
Paraguay,PRY,2016,69
Peru,PER,2016,62
Philippines,PHL,2016,86
Poland,POL,2016,2
Portugal,PRT,2016,11
Puerto Rico,PRI,2016,18
Qatar,QAT,2016,7
Romania,ROU,2016,16
Russian Federation,RUS,2016,8
Rwanda,RWA,2016,292
Samoa,WSM,2016,57
San Marino,SMR,2016,
Sao Tome and Principe,STP,2016,164
Saudi Arabia,SAU,2016,16
Senegal,SEN,2016,280
Serbia,SRB,2016,12
Seychelles,SYC,2016,5
Sierra Leone,SLE,2016,505
Singapore,SGP,2016,7
Sint Maarten (Dutch part),SXM,2016,
Slovak Republic,SVK,2016,5
Slovenia,SVN,2016,5
Solomon Islands,SLB,2016,133
Somalia,SOM,2016,711
South Africa,ZAF,2016,127
South Sudan,SSD,2016,1288
Spain,ESP,2016,4
Sri Lanka,LKA,2016,30
St. Kitts and Nevis,KNA,2016,
St. Lucia,LCA,2016,64
St. Martin (French part),MAF,2016,
St. Vincent and the Grenadines,VCT,2016,35
Sudan,SDN,2016,301
Suriname,SUR,2016,105
Sweden,SWE,2016,4
Switzerland,CHE,2016,8
Syrian Arab Republic,SYR,2016,29
Tajikistan,TJK,2016,20
Tanzania,TZA,2016,298
Thailand,THA,2016,29
Timor-Leste,TLS,2016,262
Togo,TGO,2016,439
Tonga,TON,2016,84
Trinidad and Tobago,TTO,2016,29
Tunisia,TUN,2016,38
Turkiye,TUR,2016,20
Turkmenistan,TKM,2016,6
Turks and Caicos Islands,TCA,2016,
Tuvalu,TUV,2016,
Uganda,UGA,2016,311
Ukraine,UKR,2016,10
United Arab Emirates,ARE,2016,8
United Kingdom,GBR,2016,9
United States,USA,2016,18
Uruguay,URY,2016,17
Uzbekistan,UZB,2016,30
Vanuatu,VUT,2016,94
"Venezuela, RB",VEN,2016,150
Vietnam,VNM,2016,116
Virgin Islands (U.S.),VIR,2016,
West Bank and Gaza,PSE,2016,24
"Yemen, Rep.",YEM,2016,172
Zambia,ZMB,2016,155
Zimbabwe,ZWE,2016,400
Africa Eastern and Southern,AFE,2016,392
Africa Western and Central,AFW,2016,787
Arab World,ARB,2016,139
Caribbean small states,CSS,2016,81
Central Europe and the Baltics,CEB,2016,7
Early-demographic dividend,EAR,2016,141
East Asia & Pacific,EAS,2016,70
East Asia & Pacific (excluding high income),EAP,2016,72
East Asia & Pacific (IDA & IBRD countries),TEA,2016,72
Euro area,EMU,2016,6
Europe & Central Asia,ECS,2016,12
Europe & Central Asia (excluding high income),ECA,2016,16
Europe & Central Asia (IDA & IBRD countries),TEC,2016,15
European Union,EUU,2016,6
Fragile and conflict affected situations,FCS,2016,591
Heavily indebted poor countries (HIPC),HPC,2016,435
High income,HIC,2016,11
IBRD only,IBD,2016,81
IDA & IBRD total,IBT,2016,235
IDA blend,IDB,2016,620
IDA only,IDX,2016,392
IDA total,IDA,2016,470
Late-demographic dividend,LTE,2016,34
Latin America & Caribbean,LCN,2016,76
Latin America & Caribbean (excluding high income),LAC,2016,73
Latin America & the Caribbean (IDA & IBRD countries),TLA,2016,76
Least developed countries: UN classification,LDC,2016,404
Low & middle income,LMY,2016,237
Low income,LIC,2016,459
Lower middle income,LMC,2016,273
Middle East & North Africa,MEA,2016,57
Middle East & North Africa (excluding high income),MNA,2016,60
Middle East & North Africa (IDA & IBRD countries),TMN,2016,60
Middle income,MIC,2016,192
North America,NAC,2016,18
Not classified,INX,2016,
OECD members,OED,2016,19
Other small states,OSS,2016,291
Pacific island small states,PSS,2016,86
Post-demographic dividend,PST,2016,11
Pre-demographic dividend,PRE,2016,604
Small states,SST,2016,251
South Asia,SAS,2016,165
South Asia (IDA & IBRD),TSA,2016,163
Sub-Saharan Africa,SSF,2016,579
Sub-Saharan Africa (excluding high income),SSA,2016,561
Sub-Saharan Africa (IDA & IBRD countries),TSS,2016,561
Upper middle income,UMC,2016,56
World,WLD,2016,223
Afghanistan,AFG,2015,776
Albania,ALB,2015,7
Algeria,DZA,2015,89
American Samoa,ASM,2015,
Andorra,AND,2015,
Angola,AGO,2015,274
Antigua and Barbuda,ATG,2015,27
Argentina,ARG,2015,39
Armenia,ARM,2015,25
Aruba,ABW,2015,
Australia,AUS,2015,5
Austria,AUT,2015,6
Azerbaijan,AZE,2015,29
"Bahamas, The",BHS,2015,84
Bahrain,BHR,2015,16
Bangladesh,BGD,2015,212
Barbados,BRB,2015,49
Belarus,BLR,2015,1
Belgium,BEL,2015,5
Belize,BLZ,2015,49
Benin,BEN,2015,591
Bermuda,BMU,2015,
Bhutan,BTN,2015,74
Bolivia,BOL,2015,165
Bosnia and Herzegovina,BIH,2015,7
Botswana,BWA,2015,184
Brazil,BRA,2015,62
British Virgin Islands,VGB,2015,
Brunei Darussalam,BRN,2015,45
Bulgaria,BGR,2015,8
Burkina Faso,BFA,2015,295
Burundi,BDI,2015,514
Cabo Verde,CPV,2015,47
Cambodia,KHM,2015,209
Cameroon,CMR,2015,447
Canada,CAN,2015,12
Cayman Islands,CYM,2015,
Central African Republic,CAF,2015,909
Chad,TCD,2015,1125
Channel Islands,CHI,2015,
Chile,CHL,2015,16
China,CHN,2015,26
Colombia,COL,2015,70
Comoros,COM,2015,261
"Congo, Dem. Rep.",COD,2015,578
"Congo, Rep.",COG,2015,360
Costa Rica,CRI,2015,20
Cote d'Ivoire,CIV,2015,530
Croatia,HRV,2015,6
Cuba,CUB,2015,39
Curacao,CUW,2015,
Cyprus,CYP,2015,42
Czechia,CZE,2015,4
Denmark,DNK,2015,6
Djibouti,DJI,2015,244
Dominica,DMA,2015,
Dominican Republic,DOM,2015,99
Ecuador,ECU,2015,66
"Egypt, Arab Rep.",EGY,2015,24
El Salvador,SLV,2015,44
Equatorial Guinea,GNQ,2015,201
Eritrea,ERI,2015,399
Estonia,EST,2015,6
Eswatini,SWZ,2015,338
Ethiopia,ETH,2015,399
Faroe Islands,FRO,2015,
Fiji,FJI,2015,39
Finland,FIN,2015,7
France,FRA,2015,8
French Polynesia,PYF,2015,
Gabon,GAB,2015,212
"Gambia, The",GMB,2015,535
Georgia,GEO,2015,30
Germany,DEU,2015,5
Ghana,GHA,2015,286
Gibraltar,GIB,2015,
Greece,GRC,2015,5
Greenland,GRL,2015,
Grenada,GRD,2015,23
Guam,GUM,2015,
Guatemala,GTM,2015,107
Guinea,GIN,2015,649
Guinea-Bissau,GNB,2015,713
Guyana,GUY,2015,128
Haiti,HTI,2015,391
Honduras,HND,2015,67
"Hong Kong SAR, China",HKG,2015,
Hungary,HUN,2015,15
Iceland,ISL,2015,3
India,IND,2015,128
Indonesia,IDN,2015,194
"Iran, Islamic Rep.",IRN,2015,20
Iraq,IRQ,2015,102
Ireland,IRL,2015,6
Isle of Man,IMN,2015,
Israel,ISR,2015,3
Italy,ITA,2015,7
Jamaica,JAM,2015,97
Japan,JPN,2015,5
Jordan,JOR,2015,46
Kazakhstan,KAZ,2015,13
Kenya,KEN,2015,483
Kiribati,KIR,2015,121
"Korea, Dem. People's Rep.",PRK,2015,108
"Korea, Rep.",KOR,2015,6
Kosovo,XKX,2015,
Kuwait,KWT,2015,7
Kyrgyz Republic,KGZ,2015,61
Lao PDR,LAO,2015,184
Latvia,LVA,2015,22
Lebanon,LBN,2015,19
Lesotho,LSO,2015,728
Liberia,LBR,2015,686
Libya,LBY,2015,71
Liechtenstein,LIE,2015,
Lithuania,LTU,2015,8
Luxembourg,LUX,2015,7
"Macao SAR, China",MAC,2015,
Madagascar,MDG,2015,482
Malawi,MWI,2015,445
Malaysia,MYS,2015,22
Maldives,MDV,2015,57
Mali,MLI,2015,494
Malta,MLT,2015,4
Marshall Islands,MHL,2015,
Mauritania,MRT,2015,510
Mauritius,MUS,2015,57
Mexico,MEX,2015,52
"Micronesia, Fed. Sts.",FSM,2015,64
Moldova,MDA,2015,17
Monaco,MCO,2015,
Mongolia,MNG,2015,47
Montenegro,MNE,2015,6
Morocco,MAR,2015,97
Mozambique,MOZ,2015,226
Myanmar,MMR,2015,243
Namibia,NAM,2015,299
Nauru,NRU,2015,
Nepal,NPL,2015,252
Netherlands,NLD,2015,5
New Caledonia,NCL,2015,
New Zealand,NZL,2015,9
Nicaragua,NIC,2015,79
Niger,NER,2015,491
Nigeria,NGA,2015,1113
North Macedonia,MKD,2015,5
Northern Mariana Islands,MNP,2015,
Norway,NOR,2015,2
Oman,OMN,2015,15
Pakistan,PAK,2015,187
Palau,PLW,2015,
Panama,PAN,2015,49
Papua New Guinea,PNG,2015,208
Paraguay,PRY,2015,80
Peru,PER,2015,65
Philippines,PHL,2015,88
Poland,POL,2015,2
Portugal,PRT,2015,10
Puerto Rico,PRI,2015,18
Qatar,QAT,2015,7
Romania,ROU,2015,15
Russian Federation,RUS,2015,10
Rwanda,RWA,2015,312
Samoa,WSM,2015,58
San Marino,SMR,2015,
Sao Tome and Principe,STP,2015,139
Saudi Arabia,SAU,2015,16
Senegal,SEN,2015,321
Serbia,SRB,2015,13
Seychelles,SYC,2015,5
Sierra Leone,SLE,2015,588
Singapore,SGP,2015,8
Sint Maarten (Dutch part),SXM,2015,
Slovak Republic,SVK,2015,5
Slovenia,SVN,2015,5
Solomon Islands,SLB,2015,141
Somalia,SOM,2015,761
South Africa,ZAF,2015,141
South Sudan,SSD,2015,1225
Spain,ESP,2015,4
Sri Lanka,LKA,2015,30
St. Kitts and Nevis,KNA,2015,
St. Lucia,LCA,2015,80
St. Martin (French part),MAF,2015,
St. Vincent and the Grenadines,VCT,2015,36
Sudan,SDN,2015,298
Suriname,SUR,2015,125
Sweden,SWE,2015,4
Switzerland,CHE,2015,6
Syrian Arab Republic,SYR,2015,30
Tajikistan,TJK,2015,20
Tanzania,TZA,2015,330
Thailand,THA,2015,30
Timor-Leste,TLS,2015,285
Togo,TGO,2015,441
Tonga,TON,2015,86
Trinidad and Tobago,TTO,2015,31
Tunisia,TUN,2015,40
Turkiye,TUR,2015,19
Turkmenistan,TKM,2015,6
Turks and Caicos Islands,TCA,2015,
Tuvalu,TUV,2015,
Uganda,UGA,2015,319
Ukraine,UKR,2015,11
United Arab Emirates,ARE,2015,9
United Kingdom,GBR,2015,8
United States,USA,2015,17
Uruguay,URY,2015,17
Uzbekistan,UZB,2015,31
Vanuatu,VUT,2015,92
"Venezuela, RB",VEN,2015,126
Vietnam,VNM,2015,109
Virgin Islands (U.S.),VIR,2015,
West Bank and Gaza,PSE,2015,26
"Yemen, Rep.",YEM,2015,164
Zambia,ZMB,2015,166
Zimbabwe,ZWE,2015,408
Africa Eastern and Southern,AFE,2015,410
Africa Western and Central,AFW,2015,788
Arab World,ARB,2015,141
Caribbean small states,CSS,2015,84
Central Europe and the Baltics,CEB,2015,7
Early-demographic dividend,EAR,2015,147
East Asia & Pacific,EAS,2015,73
East Asia & Pacific (excluding high income),EAP,2015,75
East Asia & Pacific (IDA & IBRD countries),TEA,2015,75
Euro area,EMU,2015,6
Europe & Central Asia,ECS,2015,13
Europe & Central Asia (excluding high income),ECA,2015,17
Europe & Central Asia (IDA & IBRD countries),TEC,2015,16
European Union,EUU,2015,6
Fragile and conflict affected situations,FCS,2015,596
Heavily indebted poor countries (HIPC),HPC,2015,456
High income,HIC,2015,11
IBRD only,IBD,2015,85
IDA & IBRD total,IBT,2015,240
IDA blend,IDB,2015,609
IDA only,IDX,2015,409
IDA total,IDA,2015,478
Late-demographic dividend,LTE,2015,36
Latin America & Caribbean,LCN,2015,75
Latin America & Caribbean (excluding high income),LAC,2015,74
Latin America & the Caribbean (IDA & IBRD countries),TLA,2015,75
Least developed countries: UN classification,LDC,2015,423
Low & middle income,LMY,2015,242
Low income,LIC,2015,478
Lower middle income,LMC,2015,274
Middle East & North Africa,MEA,2015,59
Middle East & North Africa (excluding high income),MNA,2015,62
Middle East & North Africa (IDA & IBRD countries),TMN,2015,63
Middle income,MIC,2015,195
North America,NAC,2015,17
Not classified,INX,2015,
OECD members,OED,2015,20
Other small states,OSS,2015,320
Pacific island small states,PSS,2015,88
Post-demographic dividend,PST,2015,11
Pre-demographic dividend,PRE,2015,611
Small states,SST,2015,274
South Asia,SAS,2015,172
South Asia (IDA & IBRD),TSA,2015,170
Sub-Saharan Africa,SSF,2015,587
Sub-Saharan Africa (excluding high income),SSA,2015,571
Sub-Saharan Africa (IDA & IBRD countries),TSS,2015,571
Upper middle income,UMC,2015,60
World,WLD,2015,227
Afghanistan,AFG,2014,785
Albania,ALB,2014,7
Algeria,DZA,2014,86
American Samoa,ASM,2014,
Andorra,AND,2014,
Angola,AGO,2014,292
Antigua and Barbuda,ATG,2014,23
Argentina,ARG,2014,42
Armenia,ARM,2014,28
Aruba,ABW,2014,
Australia,AUS,2014,5
Austria,AUT,2014,6
Azerbaijan,AZE,2014,29
"Bahamas, The",BHS,2014,97
Bahrain,BHR,2014,15
Bangladesh,BGD,2014,219
Barbados,BRB,2014,49
Belarus,BLR,2014,1
Belgium,BEL,2014,5
Belize,BLZ,2014,38
Benin,BEN,2014,612
Bermuda,BMU,2014,
Bhutan,BTN,2014,78
Bolivia,BOL,2014,163
Bosnia and Herzegovina,BIH,2014,8
Botswana,BWA,2014,179
Brazil,BRA,2014,62
British Virgin Islands,VGB,2014,
Brunei Darussalam,BRN,2014,44
Bulgaria,BGR,2014,7
Burkina Faso,BFA,2014,313
Burundi,BDI,2014,527
Cabo Verde,CPV,2014,42
Cambodia,KHM,2014,228
Cameroon,CMR,2014,478
Canada,CAN,2014,12
Cayman Islands,CYM,2014,
Central African Republic,CAF,2014,939
Chad,TCD,2014,1142
Channel Islands,CHI,2014,
Chile,CHL,2014,16
China,CHN,2014,26
Colombia,COL,2014,70
Comoros,COM,2014,292
"Congo, Dem. Rep.",COD,2014,573
"Congo, Rep.",COG,2014,375
Costa Rica,CRI,2014,24
Cote d'Ivoire,CIV,2014,550
Croatia,HRV,2014,6
Cuba,CUB,2014,41
Curacao,CUW,2014,
Cyprus,CYP,2014,39
Czechia,CZE,2014,3
Denmark,DNK,2014,5
Djibouti,DJI,2014,236
Dominica,DMA,2014,
Dominican Republic,DOM,2014,96
Ecuador,ECU,2014,65
"Egypt, Arab Rep.",EGY,2014,25
El Salvador,SLV,2014,41
Equatorial Guinea,GNQ,2014,207
Eritrea,ERI,2014,398
Estonia,EST,2014,7
Eswatini,SWZ,2014,426
Ethiopia,ETH,2014,447
Faroe Islands,FRO,2014,
Fiji,FJI,2014,38
Finland,FIN,2014,7
France,FRA,2014,9
French Polynesia,PYF,2014,
Gabon,GAB,2014,216
"Gambia, The",GMB,2014,543
Georgia,GEO,2014,29
Germany,DEU,2014,5
Ghana,GHA,2014,286
Gibraltar,GIB,2014,
Greece,GRC,2014,5
Greenland,GRL,2014,
Grenada,GRD,2014,24
Guam,GUM,2014,
Guatemala,GTM,2014,107
Guinea,GIN,2014,661
Guinea-Bissau,GNB,2014,733
Guyana,GUY,2014,131
Haiti,HTI,2014,389
Honduras,HND,2014,68
"Hong Kong SAR, China",HKG,2014,
Hungary,HUN,2014,15
Iceland,ISL,2014,3
India,IND,2014,135
Indonesia,IDN,2014,194
"Iran, Islamic Rep.",IRN,2014,21
Iraq,IRQ,2014,98
Ireland,IRL,2014,6
Isle of Man,IMN,2014,
Israel,ISR,2014,3
Italy,ITA,2014,6
Jamaica,JAM,2014,101
Japan,JPN,2014,5
Jordan,JOR,2014,45
Kazakhstan,KAZ,2014,13
Kenya,KEN,2014,507
Kiribati,KIR,2014,120
"Korea, Dem. People's Rep.",PRK,2014,85
"Korea, Rep.",KOR,2014,6
Kosovo,XKX,2014,
Kuwait,KWT,2014,7
Kyrgyz Republic,KGZ,2014,60
Lao PDR,LAO,2014,189
Latvia,LVA,2014,22
Lebanon,LBN,2014,20
Lesotho,LSO,2014,784
Liberia,LBR,2014,776
Libya,LBY,2014,67
Liechtenstein,LIE,2014,
Lithuania,LTU,2014,9
Luxembourg,LUX,2014,6
"Macao SAR, China",MAC,2014,
Madagascar,MDG,2014,467
Malawi,MWI,2014,442
Malaysia,MYS,2014,23
Maldives,MDV,2014,56
Mali,MLI,2014,519
Malta,MLT,2014,4
Marshall Islands,MHL,2014,
Mauritania,MRT,2014,536
Mauritius,MUS,2014,51
Mexico,MEX,2014,50
"Micronesia, Fed. Sts.",FSM,2014,61
Moldova,MDA,2014,18
Monaco,MCO,2014,
Mongolia,MNG,2014,49
Montenegro,MNE,2014,6
Morocco,MAR,2014,102
Mozambique,MOZ,2014,241
Myanmar,MMR,2014,262
Namibia,NAM,2014,306
Nauru,NRU,2014,
Nepal,NPL,2014,253
Netherlands,NLD,2014,5
New Caledonia,NCL,2014,
New Zealand,NZL,2014,8
Nicaragua,NIC,2014,81
Niger,NER,2014,513
Nigeria,NGA,2014,1135
North Macedonia,MKD,2014,5
Northern Mariana Islands,MNP,2014,
Norway,NOR,2014,3
Oman,OMN,2014,16
Pakistan,PAK,2014,210
Palau,PLW,2014,
Panama,PAN,2014,50
Papua New Guinea,PNG,2014,229
Paraguay,PRY,2014,77
Peru,PER,2014,65
Philippines,PHL,2014,89
Poland,POL,2014,2
Portugal,PRT,2014,9
Puerto Rico,PRI,2014,18
Qatar,QAT,2014,7
Romania,ROU,2014,15
Russian Federation,RUS,2014,10
Rwanda,RWA,2014,307
Samoa,WSM,2014,60
San Marino,SMR,2014,
Sao Tome and Principe,STP,2014,144
Saudi Arabia,SAU,2014,15
Senegal,SEN,2014,346
Serbia,SRB,2014,13
Seychelles,SYC,2014,5
Sierra Leone,SLE,2014,618
Singapore,SGP,2014,8
Sint Maarten (Dutch part),SXM,2014,
Slovak Republic,SVK,2014,5
Slovenia,SVN,2014,5
Solomon Islands,SLB,2014,140
Somalia,SOM,2014,793
South Africa,ZAF,2014,141
South Sudan,SSD,2014,1172
Spain,ESP,2014,4
Sri Lanka,LKA,2014,30
St. Kitts and Nevis,KNA,2014,
St. Lucia,LCA,2014,72
St. Martin (French part),MAF,2014,
St. Vincent and the Grenadines,VCT,2014,40
Sudan,SDN,2014,301
Suriname,SUR,2014,135
Sweden,SWE,2014,5
Switzerland,CHE,2014,7
Syrian Arab Republic,SYR,2014,29
Tajikistan,TJK,2014,22
Tanzania,TZA,2014,352
Thailand,THA,2014,31
Timor-Leste,TLS,2014,283
Togo,TGO,2014,491
Tonga,TON,2014,94
Trinidad and Tobago,TTO,2014,35
Tunisia,TUN,2014,41
Turkiye,TUR,2014,19
Turkmenistan,TKM,2014,6
Turks and Caicos Islands,TCA,2014,
Tuvalu,TUV,2014,
Uganda,UGA,2014,332
Ukraine,UKR,2014,12
United Arab Emirates,ARE,2014,9
United Kingdom,GBR,2014,8
United States,USA,2014,17
Uruguay,URY,2014,17
Uzbekistan,UZB,2014,32
Vanuatu,VUT,2014,92
"Venezuela, RB",VEN,2014,119
Vietnam,VNM,2014,103
Virgin Islands (U.S.),VIR,2014,
West Bank and Gaza,PSE,2014,30
"Yemen, Rep.",YEM,2014,156
Zambia,ZMB,2014,169
Zimbabwe,ZWE,2014,441
Africa Eastern and Southern,AFE,2014,425
Africa Western and Central,AFW,2014,811
Arab World,ARB,2014,140
Caribbean small states,CSS,2014,87
Central Europe and the Baltics,CEB,2014,7
Early-demographic dividend,EAR,2014,155
East Asia & Pacific,EAS,2014,71
East Asia & Pacific (excluding high income),EAP,2014,74
East Asia & Pacific (IDA & IBRD countries),TEA,2014,74
Euro area,EMU,2014,6
Europe & Central Asia,ECS,2014,13
Europe & Central Asia (excluding high income),ECA,2014,17
Europe & Central Asia (IDA & IBRD countries),TEC,2014,16
European Union,EUU,2014,6
Fragile and conflict affected situations,FCS,2014,610
Heavily indebted poor countries (HIPC),HPC,2014,472
High income,HIC,2014,11
IBRD only,IBD,2014,86
IDA & IBRD total,IBT,2014,244
IDA blend,IDB,2014,628
IDA only,IDX,2014,421
IDA total,IDA,2014,493
Late-demographic dividend,LTE,2014,35
Latin America & Caribbean,LCN,2014,74
Latin America & Caribbean (excluding high income),LAC,2014,73
Latin America & the Caribbean (IDA & IBRD countries),TLA,2014,74
Least developed countries: UN classification,LDC,2014,437
Low & middle income,LMY,2014,246
Low income,LIC,2014,490
Lower middle income,LMC,2014,284
Middle East & North Africa,MEA,2014,58
Middle East & North Africa (excluding high income),MNA,2014,61
Middle East & North Africa (IDA & IBRD countries),TMN,2014,62
Middle income,MIC,2014,198
North America,NAC,2014,16
Not classified,INX,2014,
OECD members,OED,2014,19
Other small states,OSS,2014,333
Pacific island small states,PSS,2014,88
Post-demographic dividend,PST,2014,11
Pre-demographic dividend,PRE,2014,626
Small states,SST,2014,285
South Asia,SAS,2014,181
South Asia (IDA & IBRD),TSA,2014,179
Sub-Saharan Africa,SSF,2014,605
Sub-Saharan Africa (excluding high income),SSA,2014,589
Sub-Saharan Africa (IDA & IBRD countries),TSS,2014,589
Upper middle income,UMC,2014,59
World,WLD,2014,230
Afghanistan,AFG,2013,821
Albania,ALB,2013,7
Algeria,DZA,2013,94
American Samoa,ASM,2013,
Andorra,AND,2013,
Angola,AGO,2013,291
Antigua and Barbuda,ATG,2013,29
Argentina,ARG,2013,43
Armenia,ARM,2013,27
Aruba,ABW,2013,
Australia,AUS,2013,6
Austria,AUT,2013,6
Azerbaijan,AZE,2013,28
"Bahamas, The",BHS,2013,82
Bahrain,BHR,2013,16
Bangladesh,BGD,2013,219
Barbados,BRB,2013,51
Belarus,BLR,2013,2
Belgium,BEL,2013,6
Belize,BLZ,2013,32
Benin,BEN,2013,608
Bermuda,BMU,2013,
Bhutan,BTN,2013,84
Bolivia,BOL,2013,175
Bosnia and Herzegovina,BIH,2013,8
Botswana,BWA,2013,142
Brazil,BRA,2013,61
British Virgin Islands,VGB,2013,
Brunei Darussalam,BRN,2013,43
Bulgaria,BGR,2013,7
Burkina Faso,BFA,2013,324
Burundi,BDI,2013,555
Cabo Verde,CPV,2013,42
Cambodia,KHM,2013,229
Cameroon,CMR,2013,491
Canada,CAN,2013,11
Cayman Islands,CYM,2013,
Central African Republic,CAF,2013,963
Chad,TCD,2013,1217
Channel Islands,CHI,2013,
Chile,CHL,2013,18
China,CHN,2013,28
Colombia,COL,2013,70
Comoros,COM,2013,285
"Congo, Dem. Rep.",COD,2013,585
"Congo, Rep.",COG,2013,362
Costa Rica,CRI,2013,23
Cote d'Ivoire,CIV,2013,579
Croatia,HRV,2013,6
Cuba,CUB,2013,41
Curacao,CUW,2013,
Cyprus,CYP,2013,36
Czechia,CZE,2013,3
Denmark,DNK,2013,5
Djibouti,DJI,2013,246
Dominica,DMA,2013,
Dominican Republic,DOM,2013,93
Ecuador,ECU,2013,72
"Egypt, Arab Rep.",EGY,2013,28
El Salvador,SLV,2013,39
Equatorial Guinea,GNQ,2013,187
Eritrea,ERI,2013,420
Estonia,EST,2013,7
Eswatini,SWZ,2013,512
Ethiopia,ETH,2013,498
Faroe Islands,FRO,2013,
Fiji,FJI,2013,39
Finland,FIN,2013,7
France,FRA,2013,9
French Polynesia,PYF,2013,
Gabon,GAB,2013,194
"Gambia, The",GMB,2013,598
Georgia,GEO,2013,33
Germany,DEU,2013,5
Ghana,GHA,2013,305
Gibraltar,GIB,2013,
Greece,GRC,2013,4
Greenland,GRL,2013,
Grenada,GRD,2013,25
Guam,GUM,2013,
Guatemala,GTM,2013,109
Guinea,GIN,2013,677
Guinea-Bissau,GNB,2013,742
Guyana,GUY,2013,133
Haiti,HTI,2013,392
Honduras,HND,2013,65
"Hong Kong SAR, China",HKG,2013,
Hungary,HUN,2013,15
Iceland,ISL,2013,4
India,IND,2013,154
Indonesia,IDN,2013,194
"Iran, Islamic Rep.",IRN,2013,23
Iraq,IRQ,2013,110
Ireland,IRL,2013,6
Isle of Man,IMN,2013,
Israel,ISR,2013,3
Italy,ITA,2013,7
Jamaica,JAM,2013,90
Japan,JPN,2013,5
Jordan,JOR,2013,45
Kazakhstan,KAZ,2013,13
Kenya,KEN,2013,516
Kiribati,KIR,2013,119
"Korea, Dem. People's Rep.",PRK,2013,96
"Korea, Rep.",KOR,2013,7
Kosovo,XKX,2013,
Kuwait,KWT,2013,7
Kyrgyz Republic,KGZ,2013,66
Lao PDR,LAO,2013,234
Latvia,LVA,2013,21
Lebanon,LBN,2013,20
Lesotho,LSO,2013,834
Liberia,LBR,2013,632
Libya,LBY,2013,70
Liechtenstein,LIE,2013,
Lithuania,LTU,2013,8
Luxembourg,LUX,2013,8
"Macao SAR, China",MAC,2013,
Madagascar,MDG,2013,455
Malawi,MWI,2013,473
Malaysia,MYS,2013,23
Maldives,MDV,2013,49
Mali,MLI,2013,544
Malta,MLT,2013,4
Marshall Islands,MHL,2013,
Mauritania,MRT,2013,534
Mauritius,MUS,2013,48
Mexico,MEX,2013,49
"Micronesia, Fed. Sts.",FSM,2013,66
Moldova,MDA,2013,17
Monaco,MCO,2013,
Mongolia,MNG,2013,52
Montenegro,MNE,2013,6
Morocco,MAR,2013,106
Mozambique,MOZ,2013,241
Myanmar,MMR,2013,268
Namibia,NAM,2013,334
Nauru,NRU,2013,
Nepal,NPL,2013,261
Netherlands,NLD,2013,6
New Caledonia,NCL,2013,
New Zealand,NZL,2013,8
Nicaragua,NIC,2013,91
Niger,NER,2013,536
Nigeria,NGA,2013,1109
North Macedonia,MKD,2013,4
Northern Mariana Islands,MNP,2013,
Norway,NOR,2013,3
Oman,OMN,2013,16
Pakistan,PAK,2013,206
Palau,PLW,2013,
Panama,PAN,2013,52
Papua New Guinea,PNG,2013,233
Paraguay,PRY,2013,81
Peru,PER,2013,71
Philippines,PHL,2013,103
Poland,POL,2013,2
Portugal,PRT,2013,9
Puerto Rico,PRI,2013,18
Qatar,QAT,2013,9
Romania,ROU,2013,17
Russian Federation,RUS,2013,11
Rwanda,RWA,2013,323
Samoa,WSM,2013,58
San Marino,SMR,2013,
Sao Tome and Principe,STP,2013,158
Saudi Arabia,SAU,2013,14
Senegal,SEN,2013,353
Serbia,SRB,2013,13
Seychelles,SYC,2013,6
Sierra Leone,SLE,2013,632
Singapore,SGP,2013,7
Sint Maarten (Dutch part),SXM,2013,
Slovak Republic,SVK,2013,5
Slovenia,SVN,2013,5
Solomon Islands,SLB,2013,138
Somalia,SOM,2013,828
South Africa,ZAF,2013,151
South Sudan,SSD,2013,1131
Spain,ESP,2013,4
Sri Lanka,LKA,2013,33
St. Kitts and Nevis,KNA,2013,
St. Lucia,LCA,2013,74
St. Martin (French part),MAF,2013,
St. Vincent and the Grenadines,VCT,2013,45
Sudan,SDN,2013,323
Suriname,SUR,2013,133
Sweden,SWE,2013,5
Switzerland,CHE,2013,7
Syrian Arab Republic,SYR,2013,29
Tajikistan,TJK,2013,24
Tanzania,TZA,2013,380
Thailand,THA,2013,31
Timor-Leste,TLS,2013,309
Togo,TGO,2013,493
Tonga,TON,2013,93
Trinidad and Tobago,TTO,2013,37
Tunisia,TUN,2013,42
Turkiye,TUR,2013,20
Turkmenistan,TKM,2013,7
Turks and Caicos Islands,TCA,2013,
Tuvalu,TUV,2013,
Uganda,UGA,2013,311
Ukraine,UKR,2013,16
United Arab Emirates,ARE,2013,9
United Kingdom,GBR,2013,8
United States,USA,2013,16
Uruguay,URY,2013,17
Uzbekistan,UZB,2013,34
Vanuatu,VUT,2013,87
"Venezuela, RB",VEN,2013,124
Vietnam,VNM,2013,98
Virgin Islands (U.S.),VIR,2013,
West Bank and Gaza,PSE,2013,32
"Yemen, Rep.",YEM,2013,151
Zambia,ZMB,2013,191
Zimbabwe,ZWE,2013,495
Africa Eastern and Southern,AFE,2013,442
Africa Western and Central,AFW,2013,808
Arab World,ARB,2013,146
Caribbean small states,CSS,2013,82
Central Europe and the Baltics,CEB,2013,8
Early-demographic dividend,EAR,2013,166
East Asia & Pacific,EAS,2013,75
East Asia & Pacific (excluding high income),EAP,2013,78
East Asia & Pacific (IDA & IBRD countries),TEA,2013,78
Euro area,EMU,2013,7
Europe & Central Asia,ECS,2013,13
Europe & Central Asia (excluding high income),ECA,2013,19
Europe & Central Asia (IDA & IBRD countries),TEC,2013,18
European Union,EUU,2013,7
Fragile and conflict affected situations,FCS,2013,617
Heavily indebted poor countries (HIPC),HPC,2013,491
High income,HIC,2013,11
IBRD only,IBD,2013,95
IDA & IBRD total,IBT,2013,250
IDA blend,IDB,2013,615
IDA only,IDX,2013,434
IDA total,IDA,2013,497
Late-demographic dividend,LTE,2013,37
Latin America & Caribbean,LCN,2013,75
Latin America & Caribbean (excluding high income),LAC,2013,74
Latin America & the Caribbean (IDA & IBRD countries),TLA,2013,75
Least developed countries: UN classification,LDC,2013,451
Low & middle income,LMY,2013,252
Low income,LIC,2013,505
Lower middle income,LMC,2013,289
Middle East & North Africa,MEA,2013,60
Middle East & North Africa (excluding high income),MNA,2013,65
Middle East & North Africa (IDA & IBRD countries),TMN,2013,65
Middle income,MIC,2013,203
North America,NAC,2013,16
Not classified,INX,2013,
OECD members,OED,2013,19
Other small states,OSS,2013,348
Pacific island small states,PSS,2013,87
Post-demographic dividend,PST,2013,11
Pre-demographic dividend,PRE,2013,630
Small states,SST,2013,296
South Asia,SAS,2013,194
South Asia (IDA & IBRD),TSA,2013,191
Sub-Saharan Africa,SSF,2013,611
Sub-Saharan Africa (excluding high income),SSA,2013,598
Sub-Saharan Africa (IDA & IBRD countries),TSS,2013,598
Upper middle income,UMC,2013,61
World,WLD,2013,235
Afghanistan,AFG,2012,833
Albania,ALB,2012,8
Algeria,DZA,2012,99
American Samoa,ASM,2012,
Andorra,AND,2012,
Angola,AGO,2012,304
Antigua and Barbuda,ATG,2012,30
Argentina,ARG,2012,45
Armenia,ARM,2012,29
Aruba,ABW,2012,
Australia,AUS,2012,6
Austria,AUT,2012,6
Azerbaijan,AZE,2012,29
"Bahamas, The",BHS,2012,101
Bahrain,BHR,2012,18
Bangladesh,BGD,2012,237
Barbados,BRB,2012,52
Belarus,BLR,2012,2
Belgium,BEL,2012,5
Belize,BLZ,2012,28
Benin,BEN,2012,625
Bermuda,BMU,2012,
Bhutan,BTN,2012,92
Bolivia,BOL,2012,179
Bosnia and Herzegovina,BIH,2012,7
Botswana,BWA,2012,260
Brazil,BRA,2012,57
British Virgin Islands,VGB,2012,
Brunei Darussalam,BRN,2012,43
Bulgaria,BGR,2012,8
Burkina Faso,BFA,2012,321
Burundi,BDI,2012,564
Cabo Verde,CPV,2012,54
Cambodia,KHM,2012,246
Cameroon,CMR,2012,487
Canada,CAN,2012,12
Cayman Islands,CYM,2012,
Central African Republic,CAF,2012,963
Chad,TCD,2012,1237
Channel Islands,CHI,2012,
Chile,CHL,2012,19
China,CHN,2012,28
Colombia,COL,2012,71
Comoros,COM,2012,297
"Congo, Dem. Rep.",COD,2012,595
"Congo, Rep.",COG,2012,402
Costa Rica,CRI,2012,24
Cote d'Ivoire,CIV,2012,597
Croatia,HRV,2012,6
Cuba,CUB,2012,41
Curacao,CUW,2012,
Cyprus,CYP,2012,32
Czechia,CZE,2012,4
Denmark,DNK,2012,6
Djibouti,DJI,2012,257
Dominica,DMA,2012,
Dominican Republic,DOM,2012,91
Ecuador,ECU,2012,72
"Egypt, Arab Rep.",EGY,2012,31
El Salvador,SLV,2012,38
Equatorial Guinea,GNQ,2012,179
Eritrea,ERI,2012,422
Estonia,EST,2012,8
Eswatini,SWZ,2012,599
Ethiopia,ETH,2012,543
Faroe Islands,FRO,2012,
Fiji,FJI,2012,39
Finland,FIN,2012,7
France,FRA,2012,9
French Polynesia,PYF,2012,
Gabon,GAB,2012,178
"Gambia, The",GMB,2012,575
Georgia,GEO,2012,36
Germany,DEU,2012,5
Ghana,GHA,2012,305
Gibraltar,GIB,2012,
Greece,GRC,2012,4
Greenland,GRL,2012,
Grenada,GRD,2012,26
Guam,GUM,2012,
Guatemala,GTM,2012,118
Guinea,GIN,2012,679
Guinea-Bissau,GNB,2012,758
Guyana,GUY,2012,136
Haiti,HTI,2012,384
Honduras,HND,2012,65
"Hong Kong SAR, China",HKG,2012,
Hungary,HUN,2012,15
Iceland,ISL,2012,3
India,IND,2012,162
Indonesia,IDN,2012,207
"Iran, Islamic Rep.",IRN,2012,23
Iraq,IRQ,2012,111
Ireland,IRL,2012,7
Isle of Man,IMN,2012,
Israel,ISR,2012,3
Italy,ITA,2012,7
Jamaica,JAM,2012,83
Japan,JPN,2012,5
Jordan,JOR,2012,48
Kazakhstan,KAZ,2012,14
Kenya,KEN,2012,477
Kiribati,KIR,2012,131
"Korea, Dem. People's Rep.",PRK,2012,108
"Korea, Rep.",KOR,2012,9
Kosovo,XKX,2012,
Kuwait,KWT,2012,7
Kyrgyz Republic,KGZ,2012,62
Lao PDR,LAO,2012,246
Latvia,LVA,2012,23
Lebanon,LBN,2012,20
Lesotho,LSO,2012,963
Liberia,LBR,2012,644
Libya,LBY,2012,66
Liechtenstein,LIE,2012,
Lithuania,LTU,2012,8
Luxembourg,LUX,2012,8
"Macao SAR, China",MAC,2012,
Madagascar,MDG,2012,476
Malawi,MWI,2012,502
Malaysia,MYS,2012,24
Maldives,MDV,2012,52
Mali,MLI,2012,555
Malta,MLT,2012,5
Marshall Islands,MHL,2012,
Mauritania,MRT,2012,558
Mauritius,MUS,2012,47
Mexico,MEX,2012,49
"Micronesia, Fed. Sts.",FSM,2012,42
Moldova,MDA,2012,18
Monaco,MCO,2012,
Mongolia,MNG,2012,58
Montenegro,MNE,2012,7
Morocco,MAR,2012,113
Mozambique,MOZ,2012,271
Myanmar,MMR,2012,285
Namibia,NAM,2012,362
Nauru,NRU,2012,
Nepal,NPL,2012,288
Netherlands,NLD,2012,6
New Caledonia,NCL,2012,
New Zealand,NZL,2012,10
Nicaragua,NIC,2012,92
Niger,NER,2012,561
Nigeria,NGA,2012,1087
North Macedonia,MKD,2012,5
Northern Mariana Islands,MNP,2012,
Norway,NOR,2012,3
Oman,OMN,2012,17
Pakistan,PAK,2012,216
Palau,PLW,2012,
Panama,PAN,2012,53
Papua New Guinea,PNG,2012,255
Paraguay,PRY,2012,85
Peru,PER,2012,72
Philippines,PHL,2012,104
Poland,POL,2012,2
Portugal,PRT,2012,10
Puerto Rico,PRI,2012,18
Qatar,QAT,2012,10
Romania,ROU,2012,18
Russian Federation,RUS,2012,12
Rwanda,RWA,2012,328
Samoa,WSM,2012,63
San Marino,SMR,2012,
Sao Tome and Principe,STP,2012,160
Saudi Arabia,SAU,2012,15
Senegal,SEN,2012,394
Serbia,SRB,2012,13
Seychelles,SYC,2012,7
Sierra Leone,SLE,2012,667
Singapore,SGP,2012,8
Sint Maarten (Dutch part),SXM,2012,
Slovak Republic,SVK,2012,5
Slovenia,SVN,2012,6
Solomon Islands,SLB,2012,142
Somalia,SOM,2012,863
South Africa,ZAF,2012,164
South Sudan,SSD,2012,1067
Spain,ESP,2012,4
Sri Lanka,LKA,2012,35
St. Kitts and Nevis,KNA,2012,
St. Lucia,LCA,2012,75
St. Martin (French part),MAF,2012,
St. Vincent and the Grenadines,VCT,2012,45
Sudan,SDN,2012,330
Suriname,SUR,2012,131
Sweden,SWE,2012,5
Switzerland,CHE,2012,7
Syrian Arab Republic,SYR,2012,26
Tajikistan,TJK,2012,27
Tanzania,TZA,2012,394
Thailand,THA,2012,32
Timor-Leste,TLS,2012,322
Togo,TGO,2012,511
Tonga,TON,2012,92
Trinidad and Tobago,TTO,2012,41
Tunisia,TUN,2012,43
Turkiye,TUR,2012,21
Turkmenistan,TKM,2012,7
Turks and Caicos Islands,TCA,2012,
Tuvalu,TUV,2012,
Uganda,UGA,2012,334
Ukraine,UKR,2012,17
United Arab Emirates,ARE,2012,9
United Kingdom,GBR,2012,8
United States,USA,2012,16
Uruguay,URY,2012,17
Uzbekistan,UZB,2012,36
Vanuatu,VUT,2012,87
"Venezuela, RB",VEN,2012,119
Vietnam,VNM,2012,94
Virgin Islands (U.S.),VIR,2012,
West Bank and Gaza,PSE,2012,36
"Yemen, Rep.",YEM,2012,158
Zambia,ZMB,2012,221
Zimbabwe,ZWE,2012,528
Africa Eastern and Southern,AFE,2012,458
Africa Western and Central,AFW,2012,805
Arab World,ARB,2012,151
Caribbean small states,CSS,2012,81
Central Europe and the Baltics,CEB,2012,8
Early-demographic dividend,EAR,2012,176
East Asia & Pacific,EAS,2012,77
East Asia & Pacific (excluding high income),EAP,2012,80
East Asia & Pacific (IDA & IBRD countries),TEA,2012,80
Euro area,EMU,2012,7
Europe & Central Asia,ECS,2012,14
Europe & Central Asia (excluding high income),ECA,2012,20
Europe & Central Asia (IDA & IBRD countries),TEC,2012,18
European Union,EUU,2012,7
Fragile and conflict affected situations,FCS,2012,621
Heavily indebted poor countries (HIPC),HPC,2012,509
High income,HIC,2012,11
IBRD only,IBD,2012,99
IDA & IBRD total,IBT,2012,253
IDA blend,IDB,2012,608
IDA only,IDX,2012,449
IDA total,IDA,2012,504
Late-demographic dividend,LTE,2012,36
Latin America & Caribbean,LCN,2012,74
Latin America & Caribbean (excluding high income),LAC,2012,73
Latin America & the Caribbean (IDA & IBRD countries),TLA,2012,74
Least developed countries: UN classification,LDC,2012,468
Low & middle income,LMY,2012,255
Low income,LIC,2012,521
Lower middle income,LMC,2012,292
Middle East & North Africa,MEA,2012,63
Middle East & North Africa (excluding high income),MNA,2012,67
Middle East & North Africa (IDA & IBRD countries),TMN,2012,68
Middle income,MIC,2012,205
North America,NAC,2012,15
Not classified,INX,2012,
OECD members,OED,2012,19
Other small states,OSS,2012,373
Pacific island small states,PSS,2012,86
Post-demographic dividend,PST,2012,11
Pre-demographic dividend,PRE,2012,635
Small states,SST,2012,315
South Asia,SAS,2012,203
South Asia (IDA & IBRD),TSA,2012,200
Sub-Saharan Africa,SSF,2012,618
Sub-Saharan Africa (excluding high income),SSA,2012,606
Sub-Saharan Africa (IDA & IBRD countries),TSS,2012,606
Upper middle income,UMC,2012,63
World,WLD,2012,237
Afghanistan,AFG,2011,884
Albania,ALB,2011,8
Algeria,DZA,2011,105
American Samoa,ASM,2011,
Andorra,AND,2011,
Angola,AGO,2011,335
Antigua and Barbuda,ATG,2011,31
Argentina,ARG,2011,50
Armenia,ARM,2011,31
Aruba,ABW,2011,
Australia,AUS,2011,6
Austria,AUT,2011,6
Azerbaijan,AZE,2011,31
"Bahamas, The",BHS,2011,101
Bahrain,BHR,2011,19
Bangladesh,BGD,2011,301
Barbados,BRB,2011,53
Belarus,BLR,2011,3
Belgium,BEL,2011,6
Belize,BLZ,2011,33
Benin,BEN,2011,615
Bermuda,BMU,2011,
Bhutan,BTN,2011,94
Bolivia,BOL,2011,178
Bosnia and Herzegovina,BIH,2011,8
Botswana,BWA,2011,226
Brazil,BRA,2011,62
British Virgin Islands,VGB,2011,
Brunei Darussalam,BRN,2011,42
Bulgaria,BGR,2011,8
Burkina Faso,BFA,2011,340
Burundi,BDI,2011,575
Cabo Verde,CPV,2011,50
Cambodia,KHM,2011,252
Cameroon,CMR,2011,519
Canada,CAN,2011,12
Cayman Islands,CYM,2011,
Central African Republic,CAF,2011,1029
Chad,TCD,2011,1284
Channel Islands,CHI,2011,
Chile,CHL,2011,20
China,CHN,2011,32
Colombia,COL,2011,71
Comoros,COM,2011,293
"Congo, Dem. Rep.",COD,2011,585
"Congo, Rep.",COG,2011,387
Costa Rica,CRI,2011,24
Cote d'Ivoire,CIV,2011,591
Croatia,HRV,2011,7
Cuba,CUB,2011,40
Curacao,CUW,2011,
Cyprus,CYP,2011,31
Czechia,CZE,2011,4
Denmark,DNK,2011,7
Djibouti,DJI,2011,269
Dominica,DMA,2011,
Dominican Republic,DOM,2011,93
Ecuador,ECU,2011,73
"Egypt, Arab Rep.",EGY,2011,34
El Salvador,SLV,2011,37
Equatorial Guinea,GNQ,2011,194
Eritrea,ERI,2011,454
Estonia,EST,2011,8
Eswatini,SWZ,2011,627
Ethiopia,ETH,2011,603
Faroe Islands,FRO,2011,
Fiji,FJI,2011,39
Finland,FIN,2011,7
France,FRA,2011,9
French Polynesia,PYF,2011,
Gabon,GAB,2011,188
"Gambia, The",GMB,2011,597
Georgia,GEO,2011,39
Germany,DEU,2011,6
Ghana,GHA,2011,317
Gibraltar,GIB,2011,
Greece,GRC,2011,4
Greenland,GRL,2011,
Grenada,GRD,2011,27
Guam,GUM,2011,
Guatemala,GTM,2011,120
Guinea,GIN,2011,744
Guinea-Bissau,GNB,2011,767
Guyana,GUY,2011,142
Haiti,HTI,2011,424
Honduras,HND,2011,72
"Hong Kong SAR, China",HKG,2011,
Hungary,HUN,2011,16
Iceland,ISL,2011,3
India,IND,2011,170
Indonesia,IDN,2011,236
"Iran, Islamic Rep.",IRN,2011,26
Iraq,IRQ,2011,111
Ireland,IRL,2011,7
Isle of Man,IMN,2011,
Israel,ISR,2011,3
Italy,ITA,2011,7
Jamaica,JAM,2011,80
Japan,JPN,2011,5
Jordan,JOR,2011,47
Kazakhstan,KAZ,2011,17
Kenya,KEN,2011,473
Kiribati,KIR,2011,129
"Korea, Dem. People's Rep.",PRK,2011,120
"Korea, Rep.",KOR,2011,10
Kosovo,XKX,2011,
Kuwait,KWT,2011,8
Kyrgyz Republic,KGZ,2011,66
Lao PDR,LAO,2011,271
Latvia,LVA,2011,24
Lebanon,LBN,2011,20
Lesotho,LSO,2011,1038
Liberia,LBR,2011,644
Libya,LBY,2011,62
Liechtenstein,LIE,2011,
Lithuania,LTU,2011,9
Luxembourg,LUX,2011,7
"Macao SAR, China",MAC,2011,
Madagascar,MDG,2011,484
Malawi,MWI,2011,496
Malaysia,MYS,2011,24
Maldives,MDV,2011,60
Mali,MLI,2011,547
Malta,MLT,2011,6
Marshall Islands,MHL,2011,
Mauritania,MRT,2011,566
Mauritius,MUS,2011,42
Mexico,MEX,2011,50
"Micronesia, Fed. Sts.",FSM,2011,46
Moldova,MDA,2011,18
Monaco,MCO,2011,
Mongolia,MNG,2011,61
Montenegro,MNE,2011,7
Morocco,MAR,2011,122
Mozambique,MOZ,2011,296
Myanmar,MMR,2011,279
Namibia,NAM,2011,414
Nauru,NRU,2011,
Nepal,NPL,2011,295
Netherlands,NLD,2011,6
New Caledonia,NCL,2011,
New Zealand,NZL,2011,10
Nicaragua,NIC,2011,95
Niger,NER,2011,576
Nigeria,NGA,2011,1070
North Macedonia,MKD,2011,5
Northern Mariana Islands,MNP,2011,
Norway,NOR,2011,4
Oman,OMN,2011,17
Pakistan,PAK,2011,217
Palau,PLW,2011,
Panama,PAN,2011,54
Papua New Guinea,PNG,2011,262
Paraguay,PRY,2011,99
Peru,PER,2011,73
Philippines,PHL,2011,108
Poland,POL,2011,3
Portugal,PRT,2011,9
Puerto Rico,PRI,2011,21
Qatar,QAT,2011,10
Romania,ROU,2011,19
Russian Federation,RUS,2011,14
Rwanda,RWA,2011,368
Samoa,WSM,2011,59
San Marino,SMR,2011,
Sao Tome and Principe,STP,2011,183
Saudi Arabia,SAU,2011,15
Senegal,SEN,2011,417
Serbia,SRB,2011,14
Seychelles,SYC,2011,8
Sierra Leone,SLE,2011,728
Singapore,SGP,2011,8
Sint Maarten (Dutch part),SXM,2011,
Slovak Republic,SVK,2011,5
Slovenia,SVN,2011,6
Solomon Islands,SLB,2011,141
Somalia,SOM,2011,940
South Africa,ZAF,2011,194
South Sudan,SSD,2011,1062
Spain,ESP,2011,4
Sri Lanka,LKA,2011,36
St. Kitts and Nevis,KNA,2011,
St. Lucia,LCA,2011,74
St. Martin (French part),MAF,2011,
St. Vincent and the Grenadines,VCT,2011,45
Sudan,SDN,2011,354
Suriname,SUR,2011,131
Sweden,SWE,2011,5
Switzerland,CHE,2011,8
Syrian Arab Republic,SYR,2011,24
Tajikistan,TJK,2011,29
Tanzania,TZA,2011,458
Thailand,THA,2011,34
Timor-Leste,TLS,2011,358
Togo,TGO,2011,500
Tonga,TON,2011,93
Trinidad and Tobago,TTO,2011,44
Tunisia,TUN,2011,46
Turkiye,TUR,2011,23
Turkmenistan,TKM,2011,8
Turks and Caicos Islands,TCA,2011,
Tuvalu,TUV,2011,
Uganda,UGA,2011,359
Ukraine,UKR,2011,15
United Arab Emirates,ARE,2011,10
United Kingdom,GBR,2011,9
United States,USA,2011,15
Uruguay,URY,2011,17
Uzbekistan,UZB,2011,37
Vanuatu,VUT,2011,95
"Venezuela, RB",VEN,2011,118
Vietnam,VNM,2011,90
Virgin Islands (U.S.),VIR,2011,
West Bank and Gaza,PSE,2011,41
"Yemen, Rep.",YEM,2011,155
Zambia,ZMB,2011,233
Zimbabwe,ZWE,2011,562
Africa Eastern and Southern,AFE,2011,485
Africa Western and Central,AFW,2011,806
Arab World,ARB,2011,161
Caribbean small states,CSS,2011,82
Central Europe and the Baltics,CEB,2011,8
Early-demographic dividend,EAR,2011,189
East Asia & Pacific,EAS,2011,86
East Asia & Pacific (excluding high income),EAP,2011,90
East Asia & Pacific (IDA & IBRD countries),TEA,2011,89
Euro area,EMU,2011,7
Europe & Central Asia,ECS,2011,15
Europe & Central Asia (excluding high income),ECA,2011,21
Europe & Central Asia (IDA & IBRD countries),TEC,2011,20
European Union,EUU,2011,7
Fragile and conflict affected situations,FCS,2011,630
Heavily indebted poor countries (HIPC),HPC,2011,534
High income,HIC,2011,11
IBRD only,IBD,2011,107
IDA & IBRD total,IBT,2011,264
IDA blend,IDB,2011,602
IDA only,IDX,2011,474
IDA total,IDA,2011,518
Late-demographic dividend,LTE,2011,40
Latin America & Caribbean,LCN,2011,78
Latin America & Caribbean (excluding high income),LAC,2011,77
Latin America & the Caribbean (IDA & IBRD countries),TLA,2011,78
Least developed countries: UN classification,LDC,2011,496
Low & middle income,LMY,2011,266
Low income,LIC,2011,542
Lower middle income,LMC,2011,300
Middle East & North Africa,MEA,2011,65
Middle East & North Africa (excluding high income),MNA,2011,70
Middle East & North Africa (IDA & IBRD countries),TMN,2011,71
Middle income,MIC,2011,215
North America,NAC,2011,15
Not classified,INX,2011,
OECD members,OED,2011,20
Other small states,OSS,2011,389
Pacific island small states,PSS,2011,87
Post-demographic dividend,PST,2011,11
Pre-demographic dividend,PRE,2011,645
Small states,SST,2011,328
South Asia,SAS,2011,214
South Asia (IDA & IBRD),TSA,2011,211
Sub-Saharan Africa,SSF,2011,633
Sub-Saharan Africa (excluding high income),SSA,2011,622
Sub-Saharan Africa (IDA & IBRD countries),TSS,2011,622
Upper middle income,UMC,2011,71
World,WLD,2011,247
